proyecto_codigo,proyecto_nombre,proyecto_direccion,proyecto_ciudad,proyecto_map_q,proyecto_tiene_carrusel,proyecto_amenities,id,url_landing_relativa,url_ficha_pdf_relativa,title,tipo,tipo_raw,unit_label,piso,m2,m2_numeric,precio_usd,precio_usd_numeric,estado,dormitorios,banos,sup_cubierta_exclusiva,sup_interior_exclusiva,sup_de_uso_exclusiva,patio_exclusivo,balcon_exclusivo,terraza_exclusiva,sup_equivalente,cochera,tiene_planta,floor_plan,planta_title,tiene_dimensiones,dimensions_json,ficha_json,hero_image,desc_image,wa_text,wa_url,tel_url
p14,DRAM,San Martín 470-476,Rosario,San+Mart%C3%ADn+470%2C+Rosario%2C+Santa+Fe%2C+Argentina,True,Hall de ingreso con portería | 2 ascensores de alta velocidad | Cocheras cubiertas disponibles | Bauleras por unidad | Terraza en planta alta | Espacios comunes de diseño,p14_dram_1-01-01,p14_dram_1-01-01/p14_dram_1-01-01.html,p14_dram_1-01-01/ficha.pdf,DRAM · Unidad 01-01 · Piso 1 · Pensaer 14,Departamento 3 dormitorios,DEPARTAMENTO-3 DORMITORIOS,01-01,Piso 1,183,183.0,366.000,366000,Disponible de tercero,3,2,139 m²,,,88 m²,,,183 m²,,True,../plantas_p14/planta_1_a.png,,True,"[{""ambiente"": ""Estar comedor"", ""medida"": ""6,60 × 5,65 m""}, {""ambiente"": ""Cocina"", ""medida"": ""2,40 × 4,15 m""}, {""ambiente"": ""Lavadero"", ""medida"": ""1,90 × 1,90 m""}, {""ambiente"": ""Dormitorio 1"", ""medida"": ""2,95 × 4,15 m""}, {""ambiente"": ""Dormitorio 2"", ""medida"": ""2,80 × 4,05 m""}, {""ambiente"": ""Dormitorio ppal."", ""medida"": ""3,00 × 5,07 m""}, {""ambiente"": ""Vestidor"", ""medida"": ""3,00 × 2,10 m""}, {""ambiente"": ""Baño + Antebaño"", ""medida"": ""1,50 × 4,05 m""}, {""ambiente"": ""Baño en suite"", ""medida"": ""3,10 × 1,95 m""}, {""ambiente"": ""Patio exclusivo"", ""medida"": ""9,10 × 8,15 m""}, {""ambiente"": ""Balcón"", ""medida"": ""2,54 × 2,29 m""}]","[{""clave"": ""Tipo"", ""valor"": ""Departamento""}, {""clave"": ""Dormitorios"", ""valor"": ""3""}, {""clave"": ""Baños"", ""valor"": ""2""}, {""clave"": ""Sup. cubierta exclusiva"", ""valor"": ""139 m²""}, {""clave"": ""Patio exclusivo"", ""valor"": ""88 m²""}, {""clave"": ""Sup. equivalente"", ""valor"": ""183 m²""}, {""clave"": ""Piso"", ""valor"": ""Piso 1""}, {""clave"": ""Precio de lista"", ""valor"": ""USD 366.000""}, {""clave"": ""Estado"", ""valor"": ""Disponible de tercero""}, {""clave"": ""Edificio"", ""valor"": ""DRAM""}]",../render_p14.jpg,,Hola%2C%20me%20interesa%20la%20unidad%2001-01%20del%20edificio%20DRAM%2C%20San%20Mart%C3%ADn%20470,https://wa.me/5493416980855?text=Hola%2C%20me%20interesa%20la%20unidad%2001-01%20del%20edificio%20DRAM%2C%20San%20Mart%C3%ADn%20470,tel:+5493416980855
p14,DRAM,San Martín 470-476,Rosario,San+Mart%C3%ADn+470%2C+Rosario%2C+Santa+Fe%2C+Argentina,True,Hall de ingreso con portería | 2 ascensores de alta velocidad | Cocheras cubiertas disponibles | Bauleras por unidad | Terraza en planta alta | Espacios comunes de diseño,p14_dram_2-02-04,p14_dram_2-02-04/p14_dram_2-02-04.html,p14_dram_2-02-04/ficha.pdf,DRAM · Unidad 02-04 · Piso 2 · Pensaer 14,Departamento 2 dormitorios,DEPARTAMENTO-2 DORMITORIOS,02-04,Piso 2,88,88.0,198.000,198000,Disponible de tercero,2,2,,,88 m²,,,,,,True,../plantas_p14/planta_2-4_d.png,,True,"[{""ambiente"": ""Cocina · Estar comedor"", ""medida"": ""5,88 × 4,70 m""}, {""ambiente"": ""Dormitorio"", ""medida"": ""3,70 × 2,95 m""}, {""ambiente"": ""Dormitorio ppal."", ""medida"": ""3,02 × 3,05 m""}, {""ambiente"": ""Vestidor"", ""medida"": ""1,65 × 2,15 m""}, {""ambiente"": ""Baño"", ""medida"": ""1,60 × 2,95 m""}, {""ambiente"": ""Baño en suite"", ""medida"": ""1,60 × 2,80 m""}, {""ambiente"": ""Balcón"", ""medida"": ""2,10 / 0,79 × 4,10 m""}]","[{""clave"": ""Tipo"", ""valor"": ""Departamento""}, {""clave"": ""Dormitorios"", ""valor"": ""2""}, {""clave"": ""Baños"", ""valor"": ""2""}, {""clave"": ""Sup. de uso exclusiva"", ""valor"": ""88 m²""}, {""clave"": ""Piso"", ""valor"": ""Piso 2""}, {""clave"": ""Precio de lista"", ""valor"": ""USD 198.000""}, {""clave"": ""Estado"", ""valor"": ""Disponible de tercero""}, {""clave"": ""Edificio"", ""valor"": ""DRAM""}]",../render_p14.jpg,,Hola%2C%20me%20interesa%20la%20unidad%2002-04%20del%20edificio%20DRAM%2C%20San%20Mart%C3%ADn%20470,https://wa.me/5493416980855?text=Hola%2C%20me%20interesa%20la%20unidad%2002-04%20del%20edificio%20DRAM%2C%20San%20Mart%C3%ADn%20470,tel:+5493416980855
p14,DRAM,San Martín 470-476,Rosario,San+Mart%C3%ADn+470%2C+Rosario%2C+Santa+Fe%2C+Argentina,True,Hall de ingreso con portería | 2 ascensores de alta velocidad | Cocheras cubiertas disponibles | Bauleras por unidad | Terraza en planta alta | Espacios comunes de diseño,p14_dram_3-03-01,p14_dram_3-03-01/p14_dram_3-03-01.html,p14_dram_3-03-01/ficha.pdf,DRAM · Unidad 03-01 · Piso 3 · Pensaer 14,Departamento 3 dormitorios,DEPARTAMENTO-3 DORMITORIOS,03-01,Piso 3,148,148.0,333.000,333000,Disponible de tercero,3,2,,,148 m²,,,,,,True,../plantas_p14/planta_3-4_a.png,,True,"[{""ambiente"": ""Estar comedor"", ""medida"": ""6,60 × 5,65 m""}, {""ambiente"": ""Cocina"", ""medida"": ""4,30 × 4,10 m""}, {""ambiente"": ""Dormitorio 1"", ""medida"": ""3,00 × 4,05 m""}, {""ambiente"": ""Dormitorio 2"", ""medida"": ""2,80 × 4,20 m""}, {""ambiente"": ""Dormitorio ppal."", ""medida"": ""3,00 × 5,07 m""}, {""ambiente"": ""Vestidor"", ""medida"": ""3,13 × 2,09 m""}, {""ambiente"": ""Baño ppal."", ""medida"": ""1,50 × 4,05 m""}, {""ambiente"": ""Baño en suite"", ""medida"": ""3,05 × 1,95 m""}, {""ambiente"": ""Balcón"", ""medida"": ""6,29 × 2,35 / 1,20 m""}]","[{""clave"": ""Tipo"", ""valor"": ""Departamento""}, {""clave"": ""Dormitorios"", ""valor"": ""3""}, {""clave"": ""Baños"", ""valor"": ""2""}, {""clave"": ""Sup. de uso exclusiva"", ""valor"": ""148 m²""}, {""clave"": ""Piso"", ""valor"": ""Piso 3""}, {""clave"": ""Precio de lista"", ""valor"": ""USD 333.000""}, {""clave"": ""Estado"", ""valor"": ""Disponible de tercero""}, {""clave"": ""Edificio"", ""valor"": ""DRAM""}]",../render_p14.jpg,,Hola%2C%20me%20interesa%20la%20unidad%2003-01%20del%20edificio%20DRAM%2C%20San%20Mart%C3%ADn%20470,https://wa.me/5493416980855?text=Hola%2C%20me%20interesa%20la%20unidad%2003-01%20del%20edificio%20DRAM%2C%20San%20Mart%C3%ADn%20470,tel:+5493416980855
p14,DRAM,San Martín 470-476,Rosario,San+Mart%C3%ADn+470%2C+Rosario%2C+Santa+Fe%2C+Argentina,True,Hall de ingreso con portería | 2 ascensores de alta velocidad | Cocheras cubiertas disponibles | Bauleras por unidad | Terraza en planta alta | Espacios comunes de diseño,p14_dram_8-08-01,p14_dram_8-08-01/p14_dram_8-08-01.html,p14_dram_8-08-01/ficha.pdf,DRAM · Unidad 08-01 · Piso 8 · Pensaer 14,Departamento 3 dormitorios,DEPARTAMENTO-3 DORMITORIOS,08-01,Piso 8,148,148.0,355.200,355200,Disponible de tercero,3,2,,,148 m²,,,,,,True,../plantas_p14/planta_8_a.png,,True,"[{""ambiente"": ""Estar comedor"", ""medida"": ""6,60 × 5,65 m""}, {""ambiente"": ""Cocina"", ""medida"": ""4,30 × 4,10 m""}, {""ambiente"": ""Dormitorio 1"", ""medida"": ""3,00 × 4,05 m""}, {""ambiente"": ""Dormitorio 2"", ""medida"": ""2,80 × 4,20 m""}, {""ambiente"": ""Dormitorio ppal."", ""medida"": ""3,08 × 5,07 m""}, {""ambiente"": ""Vestidor"", ""medida"": ""3,20 × 2,09 m""}, {""ambiente"": ""Baño ppal."", ""medida"": ""1,50 × 4,05 m""}, {""ambiente"": ""Baño en suite"", ""medida"": ""3,19 × 1,95 m""}, {""ambiente"": ""Balcón"", ""medida"": ""6,29 × 2,35 / 1,20 m""}]","[{""clave"": ""Tipo"", ""valor"": ""Departamento""}, {""clave"": ""Dormitorios"", ""valor"": ""3""}, {""clave"": ""Baños"", ""valor"": ""2""}, {""clave"": ""Sup. de uso exclusiva"", ""valor"": ""148 m²""}, {""clave"": ""Piso"", ""valor"": ""Piso 8""}, {""clave"": ""Precio de lista"", ""valor"": ""USD 355.200""}, {""clave"": ""Estado"", ""valor"": ""Disponible de tercero""}, {""clave"": ""Edificio"", ""valor"": ""DRAM""}]",../render_p14.jpg,,Hola%2C%20me%20interesa%20la%20unidad%2008-01%20del%20edificio%20DRAM%2C%20San%20Mart%C3%ADn%20470,https://wa.me/5493416980855?text=Hola%2C%20me%20interesa%20la%20unidad%2008-01%20del%20edificio%20DRAM%2C%20San%20Mart%C3%ADn%20470,tel:+5493416980855
p15ol,Elysian Lagos,Ovidio Lagos 1163,Rosario,Ovidio+Lagos+1163%2C+Rosario%2C+Santa+Fe%2C+Argentina,True,Hall de ingreso vidriado con diseño | Ascensores | Parrillas en terraza | Bauleras disponibles | Espacios comunes equipados,p15_elyol_2-02-02,p15_elyol_2-02-02/p15_elyol_2-02-02.html,p15_elyol_2-02-02/ficha.pdf,Elysian Lagos · Unidad 02-02 · Piso 2 · Pensaer 15,Departamento 1 dormitorio,DEPARTAMENTO-1 DORMITORIO,02-02,Piso 2,"53,5",53.5,98.000,98000,Disponible de tercero,1,1,,,,,,,,,True,../plantas_p15ol/planta_p2.png,Planta del Piso 2°.,False,[],"[{""clave"": ""Tipo"", ""valor"": ""Departamento""}, {""clave"": ""Dormitorios"", ""valor"": ""1""}, {""clave"": ""Baños"", ""valor"": ""1""}, {""clave"": ""Superficie"", ""valor"": ""53,5 m²""}, {""clave"": ""Piso"", ""valor"": ""Piso 2""}, {""clave"": ""Precio de lista"", ""valor"": ""USD 98.000""}, {""clave"": ""Estado"", ""valor"": ""Disponible de tercero""}, {""clave"": ""Edificio"", ""valor"": ""Elysian Lagos""}]",../render_p15_ol.jpg,,Hola%2C%20me%20interesa%20la%20unidad%2002-02%20de%20Elysian%20Ovidio%20Lagos%201163,https://wa.me/5493416980855?text=Hola%2C%20me%20interesa%20la%20unidad%2002-02%20de%20Elysian%20Ovidio%20Lagos%201163,tel:+5493416980855
p15ol,Elysian Lagos,Ovidio Lagos 1163,Rosario,Ovidio+Lagos+1163%2C+Rosario%2C+Santa+Fe%2C+Argentina,True,Hall de ingreso vidriado con diseño | Ascensores | Parrillas en terraza | Bauleras disponibles | Espacios comunes equipados,p15_elyol_3-03-02,p15_elyol_3-03-02/p15_elyol_3-03-02.html,p15_elyol_3-03-02/ficha.pdf,Elysian Lagos · Unidad 03-02 · Piso 3 · Pensaer 15,Departamento 1 dormitorio,DEPARTAMENTO-1 DORMITORIO,03-02,Piso 3,52,52.0,95.000,95000,Disponible de tercero,1,1,,,,,,,,,True,../plantas_p15ol/planta_p3-5.png,Planta del Piso 3° al 5°.,False,[],"[{""clave"": ""Tipo"", ""valor"": ""Departamento""}, {""clave"": ""Dormitorios"", ""valor"": ""1""}, {""clave"": ""Baños"", ""valor"": ""1""}, {""clave"": ""Superficie"", ""valor"": ""52 m²""}, {""clave"": ""Piso"", ""valor"": ""Piso 3""}, {""clave"": ""Precio de lista"", ""valor"": ""USD 95.000""}, {""clave"": ""Estado"", ""valor"": ""Disponible de tercero""}, {""clave"": ""Edificio"", ""valor"": ""Elysian Lagos""}]",../render_p15_ol.jpg,,Hola%2C%20me%20interesa%20la%20unidad%2003-02%20de%20Elysian%20Ovidio%20Lagos%201163,https://wa.me/5493416980855?text=Hola%2C%20me%20interesa%20la%20unidad%2003-02%20de%20Elysian%20Ovidio%20Lagos%201163,tel:+5493416980855
p15ol,Elysian Lagos,Ovidio Lagos 1163,Rosario,Ovidio+Lagos+1163%2C+Rosario%2C+Santa+Fe%2C+Argentina,True,Hall de ingreso vidriado con diseño | Ascensores | Parrillas en terraza | Bauleras disponibles | Espacios comunes equipados,p15_elyol_4-04-02,p15_elyol_4-04-02/p15_elyol_4-04-02.html,p15_elyol_4-04-02/ficha.pdf,Elysian Lagos · Unidad 04-02 · Piso 4 · Pensaer 15,Departamento 1 dormitorio,DEPARTAMENTO-1 DORMITORIO,04-02,Piso 4,52,52.0,95.000,95000,Disponible de tercero,1,1,,,,,,,,,True,../plantas_p15ol/planta_p3-5.png,Planta del Piso 3° al 5°.,False,[],"[{""clave"": ""Tipo"", ""valor"": ""Departamento""}, {""clave"": ""Dormitorios"", ""valor"": ""1""}, {""clave"": ""Baños"", ""valor"": ""1""}, {""clave"": ""Superficie"", ""valor"": ""52 m²""}, {""clave"": ""Piso"", ""valor"": ""Piso 4""}, {""clave"": ""Precio de lista"", ""valor"": ""USD 95.000""}, {""clave"": ""Estado"", ""valor"": ""Disponible de tercero""}, {""clave"": ""Edificio"", ""valor"": ""Elysian Lagos""}]",../render_p15_ol.jpg,,Hola%2C%20me%20interesa%20la%20unidad%2004-02%20de%20Elysian%20Ovidio%20Lagos%201163,https://wa.me/5493416980855?text=Hola%2C%20me%20interesa%20la%20unidad%2004-02%20de%20Elysian%20Ovidio%20Lagos%201163,tel:+5493416980855
p15ol,Elysian Lagos,Ovidio Lagos 1163,Rosario,Ovidio+Lagos+1163%2C+Rosario%2C+Santa+Fe%2C+Argentina,True,Hall de ingreso vidriado con diseño | Ascensores | Parrillas en terraza | Bauleras disponibles | Espacios comunes equipados,p15_elyol_6-06-01,p15_elyol_6-06-01/p15_elyol_6-06-01.html,p15_elyol_6-06-01/ficha.pdf,Elysian Lagos · Unidad 06-01 · Piso 6 · Pensaer 15,Departamento 2 dormitorios,DEPARTAMENTO-2 DORMITORIOS,06-01,Piso 6,"78,5",78.5,150.000,150000,Disponible de tercero,2,2,,,,,,,,,True,../plantas_p15ol/planta_p6-7.png,Planta del Piso 6° al 7°.,False,[],"[{""clave"": ""Tipo"", ""valor"": ""Departamento""}, {""clave"": ""Dormitorios"", ""valor"": ""2""}, {""clave"": ""Baños"", ""valor"": ""2""}, {""clave"": ""Superficie"", ""valor"": ""78,5 m²""}, {""clave"": ""Piso"", ""valor"": ""Piso 6""}, {""clave"": ""Precio de lista"", ""valor"": ""USD 150.000""}, {""clave"": ""Estado"", ""valor"": ""Disponible de tercero""}, {""clave"": ""Edificio"", ""valor"": ""Elysian Lagos""}]",../render_p15_ol.jpg,,Hola%2C%20me%20interesa%20la%20unidad%2006-01%20de%20Elysian%20Ovidio%20Lagos%201163,https://wa.me/5493416980855?text=Hola%2C%20me%20interesa%20la%20unidad%2006-01%20de%20Elysian%20Ovidio%20Lagos%201163,tel:+5493416980855
p15ol,Elysian Lagos,Ovidio Lagos 1163,Rosario,Ovidio+Lagos+1163%2C+Rosario%2C+Santa+Fe%2C+Argentina,True,Hall de ingreso vidriado con diseño | Ascensores | Parrillas en terraza | Bauleras disponibles | Espacios comunes equipados,p15_elyol_7-07-02,p15_elyol_7-07-02/p15_elyol_7-07-02.html,p15_elyol_7-07-02/ficha.pdf,Elysian Lagos · Unidad 07-02 · Piso 7 · Pensaer 15,Departamento 1 dormitorio,DEPARTAMENTO-1 DORMITORIO,07-02,Piso 7,52,52.0,98.000,98000,Disponible de tercero,1,1,,,,,,,,,True,../plantas_p15ol/planta_p6-7.png,Planta del Piso 6° al 7°.,False,[],"[{""clave"": ""Tipo"", ""valor"": ""Departamento""}, {""clave"": ""Dormitorios"", ""valor"": ""1""}, {""clave"": ""Baños"", ""valor"": ""1""}, {""clave"": ""Superficie"", ""valor"": ""52 m²""}, {""clave"": ""Piso"", ""valor"": ""Piso 7""}, {""clave"": ""Precio de lista"", ""valor"": ""USD 98.000""}, {""clave"": ""Estado"", ""valor"": ""Disponible de tercero""}, {""clave"": ""Edificio"", ""valor"": ""Elysian Lagos""}]",../render_p15_ol.jpg,,Hola%2C%20me%20interesa%20la%20unidad%2007-02%20de%20Elysian%20Ovidio%20Lagos%201163,https://wa.me/5493416980855?text=Hola%2C%20me%20interesa%20la%20unidad%2007-02%20de%20Elysian%20Ovidio%20Lagos%201163,tel:+5493416980855
p15ol,Elysian Lagos,Ovidio Lagos 1163,Rosario,Ovidio+Lagos+1163%2C+Rosario%2C+Santa+Fe%2C+Argentina,True,Hall de ingreso vidriado con diseño | Ascensores | Parrillas en terraza | Bauleras disponibles | Espacios comunes equipados,p15_elyol_10y11-01,p15_elyol_10y11-01/p15_elyol_10y11-01.html,p15_elyol_10y11-01/ficha.pdf,Elysian Lagos · Duplex 10-01/11-01 · Piso 10/11 · Pensaer 15,Duplex 3 dormitorios,DEPARTAMENTO-DUPLEX 3 DORMITORIOS,10-01/11-01,Piso 10/11,"127,5",127.5,235.000,235000,Disponible de tercero,3,3,110 m²,,,,,,,,True,../plantas_p15ol/planta_duplex_10-11.png,Planta del Duplex<br>Piso 10° y 11°.,False,[],"[{""clave"": ""Tipo"", ""valor"": ""Duplex""}, {""clave"": ""Dormitorios"", ""valor"": ""3""}, {""clave"": ""Baños"", ""valor"": ""3""}, {""clave"": ""Sup. cubierta exclusiva"", ""valor"": ""110 m²""}, {""clave"": ""Balcones"", ""valor"": ""15 m²""}, {""clave"": ""Superficie equivalente"", ""valor"": ""127,5 m²""}, {""clave"": ""Piso"", ""valor"": ""Piso 10/11""}, {""clave"": ""Precio de lista"", ""valor"": ""USD 235.000""}, {""clave"": ""Estado"", ""valor"": ""Disponible de tercero""}, {""clave"": ""Edificio"", ""valor"": ""Elysian Lagos""}]",../render_p15_ol.jpg,,Hola%2C%20me%20interesa%20el%20duplex%2010-01%2F11-01%20de%20Elysian%20Ovidio%20Lagos%201163,https://wa.me/5493416980855?text=Hola%2C%20me%20interesa%20el%20duplex%2010-01%2F11-01%20de%20Elysian%20Ovidio%20Lagos%201163,tel:+5493416980855
p15ol,Elysian Lagos,Ovidio Lagos 1163,Rosario,Ovidio+Lagos+1163%2C+Rosario%2C+Santa+Fe%2C+Argentina,True,Hall de ingreso vidriado con diseño | Ascensores | Parrillas en terraza | Bauleras disponibles | Espacios comunes equipados,p15_elyol_10y11-02,p15_elyol_10y11-02/p15_elyol_10y11-02.html,p15_elyol_10y11-02/ficha.pdf,Elysian Lagos · Duplex 10-02/11-02 · Piso 10/11 · Pensaer 15,Duplex 3 dormitorios,DEPARTAMENTO-DUPLEX 3 DORMITORIOS,10-02/11-02,Piso 10/11,190,190.0,325.000,325000,Disponible de tercero,3,3,148 m²,,,,,,,,True,../plantas_p15ol/planta_duplex_10-11.png,Planta del Duplex<br>Piso 10° y 11°.,False,[],"[{""clave"": ""Tipo"", ""valor"": ""Duplex""}, {""clave"": ""Dormitorios"", ""valor"": ""3""}, {""clave"": ""Baños"", ""valor"": ""3""}, {""clave"": ""Sup. cubierta exclusiva"", ""valor"": ""148 m²""}, {""clave"": ""Balcones"", ""valor"": ""30 m²""}, {""clave"": ""Terraza Piso 11°"", ""valor"": ""12 m²""}, {""clave"": ""Superficie equivalente"", ""valor"": ""190 m²""}, {""clave"": ""Piso"", ""valor"": ""Piso 10/11""}, {""clave"": ""Precio de lista"", ""valor"": ""USD 325.000""}, {""clave"": ""Estado"", ""valor"": ""Disponible de tercero""}, {""clave"": ""Edificio"", ""valor"": ""Elysian Lagos""}]",../render_p15_ol.jpg,,Hola%2C%20me%20interesa%20el%20duplex%2010-02%2F11-02%20de%20Elysian%20Ovidio%20Lagos%201163,https://wa.me/5493416980855?text=Hola%2C%20me%20interesa%20el%20duplex%2010-02%2F11-02%20de%20Elysian%20Ovidio%20Lagos%201163,tel:+5493416980855
p15sj,Elysian San Juan,San Juan 2741-53,Rosario,San+Juan+2741%2C+Rosario%2C+Santa+Fe%2C+Argentina,True,Hall de doble altura | Doble ascensor | SUM | Pileta | Gimnasio | Cowork | Cocheras | Amplio patio sectorizado | Terraza con parrilla | Juegos | Bauleras disponibles,p15_elysj_5-05-07,p15_elysj_5-05-07/p15_elysj_5-05-07.html,p15_elysj_5-05-07/ficha.pdf,Elysian San Juan · Unidad 05-07 · Piso 5 · Pensaer 15,Departamento 1 dormitorio,DEPARTAMENTO-1 DORMITORIO,05-07,Piso 5,"58,5",58.5,110.000,110000,Disponible de tercero,1,1,,,,,,,,,True,../plantas_p15sj/planta_p5.png,Planta del Piso 5°.,False,[],"[{""clave"": ""Tipo"", ""valor"": ""Departamento""}, {""clave"": ""Dormitorios"", ""valor"": ""1""}, {""clave"": ""Baños"", ""valor"": ""1""}, {""clave"": ""Superficie"", ""valor"": ""58,5 m²""}, {""clave"": ""Piso"", ""valor"": ""Piso 5""}, {""clave"": ""Precio de lista"", ""valor"": ""USD 110.000""}, {""clave"": ""Estado"", ""valor"": ""Disponible de tercero""}, {""clave"": ""Edificio"", ""valor"": ""Elysian San Juan""}]",../render_p15_sj.jpg,,Hola%2C%20me%20interesa%20la%20unidad%2005-07%20de%20Elysian%20San%20Juan%202741,https://wa.me/5493416980855?text=Hola%2C%20me%20interesa%20la%20unidad%2005-07%20de%20Elysian%20San%20Juan%202741,tel:+5493416980855
p15sj,Elysian San Juan,San Juan 2741-53,Rosario,San+Juan+2741%2C+Rosario%2C+Santa+Fe%2C+Argentina,True,Hall de doble altura | Doble ascensor | SUM | Pileta | Gimnasio | Cowork | Cocheras | Amplio patio sectorizado | Terraza con parrilla | Juegos | Bauleras disponibles,p15_elysj_6-06-04,p15_elysj_6-06-04/p15_elysj_6-06-04.html,p15_elysj_6-06-04/ficha.pdf,Elysian San Juan · Unidad 06-04 · Piso 6 · Pensaer 15,Departamento 2 dormitorios,DEPARTAMENTO-2 DORMITORIOS,06-04,Piso 6,"63,5",63.5,150.000,150000,Disponible de tercero,2,2,,,,,,,,,True,../plantas_p15sj/planta_p6.png,Planta del Piso 6°.,False,[],"[{""clave"": ""Tipo"", ""valor"": ""Departamento""}, {""clave"": ""Dormitorios"", ""valor"": ""2""}, {""clave"": ""Baños"", ""valor"": ""2""}, {""clave"": ""Superficie"", ""valor"": ""63,5 m²""}, {""clave"": ""Piso"", ""valor"": ""Piso 6""}, {""clave"": ""Precio de lista"", ""valor"": ""USD 150.000""}, {""clave"": ""Estado"", ""valor"": ""Disponible de tercero""}, {""clave"": ""Edificio"", ""valor"": ""Elysian San Juan""}]",../render_p15_sj.jpg,../renders_p15sj/unit_d6.jpg,Hola%2C%20me%20interesa%20la%20unidad%2006-04%20de%20Elysian%20San%20Juan%202741,https://wa.me/5493416980855?text=Hola%2C%20me%20interesa%20la%20unidad%2006-04%20de%20Elysian%20San%20Juan%202741,tel:+5493416980855
p15sj,Elysian San Juan,San Juan 2741-53,Rosario,San+Juan+2741%2C+Rosario%2C+Santa+Fe%2C+Argentina,True,Hall de doble altura | Doble ascensor | SUM | Pileta | Gimnasio | Cowork | Cocheras | Amplio patio sectorizado | Terraza con parrilla | Juegos | Bauleras disponibles,p15_elysj_9-09-02,p15_elysj_9-09-02/p15_elysj_9-09-02.html,p15_elysj_9-09-02/ficha.pdf,Elysian San Juan · Unidad 09-02 · Piso 9 · Pensaer 15,Departamento 1 dormitorio,DEPARTAMENTO-1 DORMITORIO,09-02,Piso 9,52,52.0,110.000,110000,Disponible de tercero,1,1,,,,,,,,,True,../plantas_p15sj/planta_p9.png,Planta del Piso 9°.,False,[],"[{""clave"": ""Tipo"", ""valor"": ""Departamento""}, {""clave"": ""Dormitorios"", ""valor"": ""1""}, {""clave"": ""Baños"", ""valor"": ""1""}, {""clave"": ""Superficie"", ""valor"": ""52 m²""}, {""clave"": ""Piso"", ""valor"": ""Piso 9""}, {""clave"": ""Precio de lista"", ""valor"": ""USD 110.000""}, {""clave"": ""Estado"", ""valor"": ""Disponible de tercero""}, {""clave"": ""Edificio"", ""valor"": ""Elysian San Juan""}]",../render_p15_sj.jpg,,Hola%2C%20me%20interesa%20la%20unidad%2009-02%20de%20Elysian%20San%20Juan%202741,https://wa.me/5493416980855?text=Hola%2C%20me%20interesa%20la%20unidad%2009-02%20de%20Elysian%20San%20Juan%202741,tel:+5493416980855
p16,Eryn,Salta 1466-1474,Rosario,Salta+1466%2C+Rosario%2C+Santa+Fe%2C+Argentina,True,Hall de ingreso premium | 2 ascensores | Bauleras por unidad | SUM / Sala de usos múltiples | Gimnasio | Pileta | Cocheras disponibles | Terraza equipada,p16_eryn_1-01-03,p16_eryn_1-01-03/p16_eryn_1-01-03.html,p16_eryn_1-01-03/ficha.pdf,Eryn · Unidad 01-03 · Piso 1 · Pensaer 16,Departamento 3 dormitorios,DEPARTAMENTO-3 DORMITORIOS,01-03,Piso 1,175,175.0,367.500,367500,Disponible de tercero,3,3,131 m²,,,88 m²,,,175 m²,,True,../plantas_p16/planta_1_c.png,Distribución<br>de la unidad C.,True,"[{""ambiente"": ""Estar comedor"", ""medida"": ""6,65 × 5,10 m""}, {""ambiente"": ""Cocina"", ""medida"": ""5,02 × 3,12 m""}, {""ambiente"": ""Dormitorio 1"", ""medida"": ""3,06 × 3,71 m""}, {""ambiente"": ""Dormitorio 2"", ""medida"": ""3,00 × 3,71 m""}, {""ambiente"": ""Dormitorio ppal."", ""medida"": ""3,00 × 4,71 m""}, {""ambiente"": ""Vestidor"", ""medida"": ""2,14 × 3,04 m""}, {""ambiente"": ""Baño 1"", ""medida"": ""1,70 × 1,67 m""}, {""ambiente"": ""Baño 2"", ""medida"": ""2,43 × 2,31 m""}, {""ambiente"": ""Baño en suite"", ""medida"": ""2,54 × 2,91 m""}, {""ambiente"": ""Patio exclusivo"", ""medida"": ""87,65 m²""}]","[{""clave"": ""Tipo"", ""valor"": ""Departamento""}, {""clave"": ""Dormitorios"", ""valor"": ""3""}, {""clave"": ""Baños"", ""valor"": ""3""}, {""clave"": ""Sup. cubierta exclusiva"", ""valor"": ""131 m²""}, {""clave"": ""Patio exclusivo"", ""valor"": ""88 m²""}, {""clave"": ""Sup. equivalente"", ""valor"": ""175 m²""}, {""clave"": ""Piso"", ""valor"": ""Piso 1""}, {""clave"": ""Precio de lista"", ""valor"": ""USD 367.500""}, {""clave"": ""Estado"", ""valor"": ""Disponible de tercero""}, {""clave"": ""Edificio"", ""valor"": ""Eryn""}]",../render_p16.jpg,,Hola%2C%20me%20interesa%20la%20unidad%2001-03%20del%20edificio%20Eryn%2C%20Salta%201466,https://wa.me/5493416980855?text=Hola%2C%20me%20interesa%20la%20unidad%2001-03%20del%20edificio%20Eryn%2C%20Salta%201466,tel:+5493416980855
p16,Eryn,Salta 1466-1474,Rosario,Salta+1466%2C+Rosario%2C+Santa+Fe%2C+Argentina,True,Hall de ingreso premium | 2 ascensores | Bauleras por unidad | SUM / Sala de usos múltiples | Gimnasio | Pileta | Cocheras disponibles | Terraza equipada,p16_eryn_1-01-04,p16_eryn_1-01-04/p16_eryn_1-01-04.html,p16_eryn_1-01-04/ficha.pdf,Eryn · Unidad 01-04 · Piso 1 · Pensaer 16,Departamento 3 dormitorios,DEPARTAMENTO-3 DORMITORIOS,01-04,Piso 1,172,172.0,361.200,361200,Disponible de tercero,3,2,103 m²,,,138 m²,,,172 m²,,True,../plantas_p16/planta_1_d.png,Distribución<br>de la unidad D.,True,"[{""ambiente"": ""Estar comedor"", ""medida"": ""6,02 × 3,36 m""}, {""ambiente"": ""Cocina"", ""medida"": ""4,50 × 2,75 m""}, {""ambiente"": ""Dormitorio 1"", ""medida"": ""3,52 × 3,00 m""}, {""ambiente"": ""Dormitorio 2"", ""medida"": ""3,52 × 2,95 m""}, {""ambiente"": ""Dormitorio ppal."", ""medida"": ""2,92 × 3,05 m""}, {""ambiente"": ""Vestidor"", ""medida"": ""2,92 × 1,49 m""}, {""ambiente"": ""Baño 1"", ""medida"": ""1,40 × 1,90 m""}, {""ambiente"": ""Antebaño"", ""medida"": ""1,40 × 0,90 m""}, {""ambiente"": ""Baño en suite"", ""medida"": ""1,97 × 2,03 m""}, {""ambiente"": ""Patio exclusivo"", ""medida"": ""140,15 m²""}]","[{""clave"": ""Tipo"", ""valor"": ""Departamento""}, {""clave"": ""Dormitorios"", ""valor"": ""3""}, {""clave"": ""Baños"", ""valor"": ""2""}, {""clave"": ""Sup. cubierta exclusiva"", ""valor"": ""103 m²""}, {""clave"": ""Patio exclusivo"", ""valor"": ""138 m²""}, {""clave"": ""Sup. equivalente"", ""valor"": ""172 m²""}, {""clave"": ""Piso"", ""valor"": ""Piso 1""}, {""clave"": ""Precio de lista"", ""valor"": ""USD 361.200""}, {""clave"": ""Estado"", ""valor"": ""Disponible de tercero""}, {""clave"": ""Edificio"", ""valor"": ""Eryn""}]",../render_p16.jpg,,Hola%2C%20me%20interesa%20la%20unidad%2001-04%20del%20edificio%20Eryn%2C%20Salta%201466,https://wa.me/5493416980855?text=Hola%2C%20me%20interesa%20la%20unidad%2001-04%20del%20edificio%20Eryn%2C%20Salta%201466,tel:+5493416980855
p16,Eryn,Salta 1466-1474,Rosario,Salta+1466%2C+Rosario%2C+Santa+Fe%2C+Argentina,True,Hall de ingreso premium | 2 ascensores | Bauleras por unidad | SUM / Sala de usos múltiples | Gimnasio | Pileta | Cocheras disponibles | Terraza equipada,p16_eryn_3-03-03,p16_eryn_3-03-03/p16_eryn_3-03-03.html,p16_eryn_3-03-03/ficha.pdf,Eryn · Unidad 03-03 · Piso 3 · Pensaer 16,Departamento 2 dormitorios,DEPARTAMENTO-2 DORMITORIOS,03-03,Piso 3,83,83.0,215.800,215800,Disponible de tercero,2,2,,,83 m²,,,,,,True,../plantas_p16/planta_2-4-6-7_c.png,"Planta de la unidad C<br>Pisos 2°, 3°, 4°, 6° y 7°.",True,"[{""ambiente"": ""Estar comedor"", ""medida"": ""3,13 × 6,45 m""}, {""ambiente"": ""Cocina"", ""medida"": ""2,95 × 2,36 m""}, {""ambiente"": ""Dormitorio 1"", ""medida"": ""2,93 × 3,72 m""}, {""ambiente"": ""Dormitorio ppal."", ""medida"": ""3,07 × 3,15 m""}, {""ambiente"": ""Vestidor"", ""medida"": ""2,14 × 1,55 m""}, {""ambiente"": ""Baño 1"", ""medida"": ""1,40 × 1,91 m""}, {""ambiente"": ""Antebaño"", ""medida"": ""1,52 × 0,88 m""}, {""ambiente"": ""Baño en suite"", ""medida"": ""1,40 × 2,68 m""}, {""ambiente"": ""Balcón"", ""medida"": ""2,64 × 1,62 m""}]","[{""clave"": ""Tipo"", ""valor"": ""Departamento""}, {""clave"": ""Dormitorios"", ""valor"": ""2""}, {""clave"": ""Baños"", ""valor"": ""2""}, {""clave"": ""Sup. de uso exclusiva"", ""valor"": ""83 m²""}, {""clave"": ""Piso"", ""valor"": ""Piso 3""}, {""clave"": ""Precio de lista"", ""valor"": ""USD 215.800""}, {""clave"": ""Estado"", ""valor"": ""Disponible de tercero""}, {""clave"": ""Edificio"", ""valor"": ""Eryn""}]",../render_p16.jpg,,Hola%2C%20me%20interesa%20la%20unidad%2003-03%20del%20edificio%20Eryn%2C%20Salta%201466,https://wa.me/5493416980855?text=Hola%2C%20me%20interesa%20la%20unidad%2003-03%20del%20edificio%20Eryn%2C%20Salta%201466,tel:+5493416980855
p16,Eryn,Salta 1466-1474,Rosario,Salta+1466%2C+Rosario%2C+Santa+Fe%2C+Argentina,True,Hall de ingreso premium | 2 ascensores | Bauleras por unidad | SUM / Sala de usos múltiples | Gimnasio | Pileta | Cocheras disponibles | Terraza equipada,p16_eryn_10-10-01,p16_eryn_10-10-01/p16_eryn_10-10-01.html,p16_eryn_10-10-01/ficha.pdf,Eryn · Unidad 10-01 · Piso 10 · Pensaer 16,Departamento 3 dormitorios,DEPARTAMENTO-3 DORMITORIOS,10-01,Piso 10,200,200.0,450.000,450000,Disponible,3,3,125 m²,,,,25 m²,110 m²,200 m²,,True,../plantas_p16/planta_10_a.png,Planta del Piso 10°<br>+ terraza exclusiva.,True,"[{""ambiente"": ""Estar comedor"", ""medida"": ""6,06 × 5,33 m""}, {""ambiente"": ""Cocina"", ""medida"": ""2,29 × 3,98 m""}, {""ambiente"": ""Lavadero"", ""medida"": ""2,29 × 2,15 m""}, {""ambiente"": ""Dormitorio 1"", ""medida"": ""3,52 × 2,83 m""}, {""ambiente"": ""Dormitorio 2"", ""medida"": ""3,53 × 2,83 m""}, {""ambiente"": ""Dormitorio ppal."", ""medida"": ""2,93 × 2,94 m""}, {""ambiente"": ""Vestidor"", ""medida"": ""2,16 × 3,05 m""}, {""ambiente"": ""Baño 1"", ""medida"": ""1,88 × 1,34 m""}, {""ambiente"": ""Baño 2"", ""medida"": ""2,48 × 2,02 m""}, {""ambiente"": ""Baño en suite"", ""medida"": ""2,49 × 2,02 m""}, {""ambiente"": ""Balcón"", ""medida"": ""18,79 × 1,85 m""}, {""ambiente"": ""Terraza"", ""medida"": ""19,00 × 5,45 m""}]","[{""clave"": ""Tipo"", ""valor"": ""Departamento""}, {""clave"": ""Dormitorios"", ""valor"": ""3""}, {""clave"": ""Baños"", ""valor"": ""3""}, {""clave"": ""Sup. cubierta exclusiva"", ""valor"": ""125 m²""}, {""clave"": ""Balcón"", ""valor"": ""25 m²""}, {""clave"": ""Terraza exclusiva"", ""valor"": ""110 m²""}, {""clave"": ""Sup. equivalente"", ""valor"": ""200 m²""}, {""clave"": ""Piso"", ""valor"": ""Piso 10""}, {""clave"": ""Precio de lista"", ""valor"": ""USD 450.000""}, {""clave"": ""Estado"", ""valor"": ""Disponible""}, {""clave"": ""Edificio"", ""valor"": ""Eryn""}]",../render_p16.jpg,,Hola%2C%20me%20interesa%20la%20unidad%2010-01%20del%20edificio%20Eryn%2C%20Salta%201466,https://wa.me/5493416980855?text=Hola%2C%20me%20interesa%20la%20unidad%2010-01%20del%20edificio%20Eryn%2C%20Salta%201466,tel:+5493416980855
p17,Nythu,Brown 1902,Rosario,"-32.9350416,-60.6470425",True,Hall de ingreso de diseño | Ascensores | Gimnasio | Playroom | Parrillero y solarium | Cocheras disponibles | Bauleras por unidad,p17_nythu_3-03-01,p17_nythu_3-03-01/p17_nythu_3-03-01.html,p17_nythu_3-03-01/ficha.pdf,Nythu · Unidad 03-01 · Piso 3 · Pensaer 17,Departamento 3 dormitorios,DEPARTAMENTO-3 DORMITORIOS,03-01,Piso 3,164,164.0,388.000,388000,Disponible de tercero,3,2,,,164 m²,,,,,,True,../plantas_p17/planta_3-5-8-9_a.png,"Planta de la unidad A<br>Pisos 3°, 5°, 8° y 9°.",True,"[{""ambiente"": ""Estar comedor"", ""medida"": ""7,20 × 3,88 m""}, {""ambiente"": ""Cocina"", ""medida"": ""5,23 × 3,45 m""}, {""ambiente"": ""Lavadero"", ""medida"": ""1,46 × 2,48 m""}, {""ambiente"": ""Toilette"", ""medida"": ""1,27 × 1,81 m""}, {""ambiente"": ""Íntimo"", ""medida"": ""2,35 × 4,09 m""}, {""ambiente"": ""Antebaño"", ""medida"": ""1,05 × 1,41 m""}, {""ambiente"": ""Baño"", ""medida"": ""2,09 × 1,41 m""}, {""ambiente"": ""Dormitorio 1"", ""medida"": ""4,20 × 3,19 m""}, {""ambiente"": ""Dormitorio 2"", ""medida"": ""4,20 × 3,19 m""}, {""ambiente"": ""Dormitorio ppal."", ""medida"": ""4,04 × 3,13 m""}, {""ambiente"": ""Vestidor"", ""medida"": ""2,10 × 1,90 m""}, {""ambiente"": ""Baño en suite"", ""medida"": ""1,79 × 2,88 m""}, {""ambiente"": ""Balcón principal"", ""medida"": ""2,31 × 5,45 m""}, {""ambiente"": ""Balcón secund."", ""medida"": ""2,70 × 2,91 m""}, {""ambiente"": ""Balcón lavadero"", ""medida"": ""1,46 × 1,30 m""}]","[{""clave"": ""Tipo"", ""valor"": ""Departamento""}, {""clave"": ""Dormitorios"", ""valor"": ""3""}, {""clave"": ""Baños"", ""valor"": ""2""}, {""clave"": ""Sup. de uso exclusiva"", ""valor"": ""164 m²""}, {""clave"": ""Piso"", ""valor"": ""Piso 3""}, {""clave"": ""Precio de lista"", ""valor"": ""USD 388.000""}, {""clave"": ""Estado"", ""valor"": ""Disponible de tercero""}, {""clave"": ""Edificio"", ""valor"": ""Nythu""}]",../render_p17.jpg,,Hola%2C%20me%20interesa%20la%20unidad%2003-01%20de%20Nythu%20Brown%201902,https://wa.me/5493416980855?text=Hola%2C%20me%20interesa%20la%20unidad%2003-01%20de%20Nythu%20Brown%201902,tel:+5493416980855
p17,Nythu,Brown 1902,Rosario,"-32.9350416,-60.6470425",True,Hall de ingreso de diseño | Ascensores | Gimnasio | Playroom | Parrillero y solarium | Cocheras disponibles | Bauleras por unidad,p17_nythu_5-05-01,p17_nythu_5-05-01/p17_nythu_5-05-01.html,p17_nythu_5-05-01/ficha.pdf,Nythu · Unidad 05-01 · Piso 5 · Pensaer 17,Departamento 3 dormitorios,DEPARTAMENTO-3 DORMITORIOS,05-01,Piso 5,164,164.0,398.000,398000,Disponible,3,2,,,164 m²,,,,,,True,../plantas_p17/planta_3-5-8-9_a.png,"Planta de la unidad A<br>Pisos 3°, 5°, 8° y 9°.",True,"[{""ambiente"": ""Estar comedor"", ""medida"": ""7,20 × 3,88 m""}, {""ambiente"": ""Cocina"", ""medida"": ""5,23 × 3,45 m""}, {""ambiente"": ""Lavadero"", ""medida"": ""1,46 × 2,48 m""}, {""ambiente"": ""Toilette"", ""medida"": ""1,27 × 1,81 m""}, {""ambiente"": ""Íntimo"", ""medida"": ""2,35 × 4,09 m""}, {""ambiente"": ""Antebaño"", ""medida"": ""1,05 × 1,41 m""}, {""ambiente"": ""Baño"", ""medida"": ""2,09 × 1,41 m""}, {""ambiente"": ""Dormitorio 1"", ""medida"": ""4,20 × 3,19 m""}, {""ambiente"": ""Dormitorio 2"", ""medida"": ""4,20 × 3,19 m""}, {""ambiente"": ""Dormitorio ppal."", ""medida"": ""4,04 × 3,13 m""}, {""ambiente"": ""Vestidor"", ""medida"": ""2,10 × 1,90 m""}, {""ambiente"": ""Baño en suite"", ""medida"": ""1,79 × 2,88 m""}, {""ambiente"": ""Balcón principal"", ""medida"": ""2,31 × 5,45 m""}, {""ambiente"": ""Balcón secund."", ""medida"": ""2,70 × 2,91 m""}, {""ambiente"": ""Balcón lavadero"", ""medida"": ""1,46 × 1,30 m""}]","[{""clave"": ""Tipo"", ""valor"": ""Departamento""}, {""clave"": ""Dormitorios"", ""valor"": ""3""}, {""clave"": ""Baños"", ""valor"": ""2""}, {""clave"": ""Sup. de uso exclusiva"", ""valor"": ""164 m²""}, {""clave"": ""Piso"", ""valor"": ""Piso 5""}, {""clave"": ""Precio de lista"", ""valor"": ""USD 398.000""}, {""clave"": ""Estado"", ""valor"": ""Disponible""}, {""clave"": ""Edificio"", ""valor"": ""Nythu""}]",../render_p17.jpg,,Hola%2C%20me%20interesa%20la%20unidad%2005-01%20de%20Nythu%20Brown%201902,https://wa.me/5493416980855?text=Hola%2C%20me%20interesa%20la%20unidad%2005-01%20de%20Nythu%20Brown%201902,tel:+5493416980855
p17,Nythu,Brown 1902,Rosario,"-32.9350416,-60.6470425",True,Hall de ingreso de diseño | Ascensores | Gimnasio | Playroom | Parrillero y solarium | Cocheras disponibles | Bauleras por unidad,p17_nythu_7-07-02,p17_nythu_7-07-02/p17_nythu_7-07-02.html,p17_nythu_7-07-02/ficha.pdf,Nythu · Unidad 07-02 · Piso 7 · Pensaer 17,Departamento 3 dormitorios,DEPARTAMENTO-3 DORMITORIOS,07-02,Piso 7,"138,5",138.5,340.000,340000,Disponible de tercero,3,2,,,"138,5 m²",,,,,,True,../plantas_p17/planta_4-6-7_b.png,"Planta de la unidad B<br>Pisos 4°, 6° y 7°.",True,"[{""ambiente"": ""Estar comedor"", ""medida"": ""3,61 × 7,11 m""}, {""ambiente"": ""Cocina"", ""medida"": ""4,37 × 3,45 m""}, {""ambiente"": ""Toilette"", ""medida"": ""2,51 × 1,22 m""}, {""ambiente"": ""Íntimo / Antebaño"", ""medida"": ""2,02 × 2,11 m""}, {""ambiente"": ""Baño"", ""medida"": ""1,97 × 1,39 m""}, {""ambiente"": ""Dormitorio 1"", ""medida"": ""3,00 × 4,36 m""}, {""ambiente"": ""Dormitorio 2"", ""medida"": ""2,93 × 4,36 m""}, {""ambiente"": ""Dormitorio ppal."", ""medida"": ""3,60 × 4,73 m""}, {""ambiente"": ""Vestidor"", ""medida"": ""1,98 × 2,34 m""}, {""ambiente"": ""Baño en suite"", ""medida"": ""1,83 × 2,34 m""}, {""ambiente"": ""Balcón"", ""medida"": ""3,35 × 2,25 m""}, {""ambiente"": ""Balcón secund."", ""medida"": ""2,00 × 1,24 m""}]","[{""clave"": ""Tipo"", ""valor"": ""Departamento""}, {""clave"": ""Dormitorios"", ""valor"": ""3""}, {""clave"": ""Baños"", ""valor"": ""2""}, {""clave"": ""Sup. de uso exclusiva"", ""valor"": ""138,5 m²""}, {""clave"": ""Piso"", ""valor"": ""Piso 7""}, {""clave"": ""Precio de lista"", ""valor"": ""USD 340.000""}, {""clave"": ""Estado"", ""valor"": ""Disponible de tercero""}, {""clave"": ""Edificio"", ""valor"": ""Nythu""}]",../render_p17.jpg,,Hola%2C%20me%20interesa%20la%20unidad%2007-02%20de%20Nythu%20Brown%201902,https://wa.me/5493416980855?text=Hola%2C%20me%20interesa%20la%20unidad%2007-02%20de%20Nythu%20Brown%201902,tel:+5493416980855
p17,Nythu,Brown 1902,Rosario,"-32.9350416,-60.6470425",True,Hall de ingreso de diseño | Ascensores | Gimnasio | Playroom | Parrillero y solarium | Cocheras disponibles | Bauleras por unidad,p17_nythu_9-09-02,p17_nythu_9-09-02/p17_nythu_9-09-02.html,p17_nythu_9-09-02/ficha.pdf,Nythu · Unidad 09-02 · Piso 9 · Pensaer 17,Departamento 2 dormitorios,DEPARTAMENTO-2 DORMITORIOS,09-02,Piso 9,"123,5",123.5,296.300,296300,Disponible de tercero,2,2,,,"123,5 m²",,,,,,True,../plantas_p17/planta_3-5-8-9_b.png,"Planta de la unidad B<br>Pisos 3°, 5°, 8° y 9°.",True,"[{""ambiente"": ""Estar comedor"", ""medida"": ""4,26 × 6,94 m""}, {""ambiente"": ""Cocina"", ""medida"": ""2,10 × 4,62 m""}, {""ambiente"": ""Lavadero"", ""medida"": ""1,15 × 2,10 m""}, {""ambiente"": ""Baño"", ""medida"": ""2,00 × 2,34 m""}, {""ambiente"": ""Dormitorio"", ""medida"": ""2,90 × 4,31 m""}, {""ambiente"": ""Dormitorio ppal."", ""medida"": ""2,90 × 4,31 m""}, {""ambiente"": ""Vestidor"", ""medida"": ""1,49 × 4,43 m""}, {""ambiente"": ""Baño en suite"", ""medida"": ""1,83 × 2,34 m""}, {""ambiente"": ""Balcón principal"", ""medida"": ""4,60 × 2,25 m""}, {""ambiente"": ""Balcón secund."", ""medida"": ""2,00 × 1,40 m""}]","[{""clave"": ""Tipo"", ""valor"": ""Departamento""}, {""clave"": ""Dormitorios"", ""valor"": ""2""}, {""clave"": ""Baños"", ""valor"": ""2""}, {""clave"": ""Sup. de uso exclusiva"", ""valor"": ""123,5 m²""}, {""clave"": ""Piso"", ""valor"": ""Piso 9""}, {""clave"": ""Precio de lista"", ""valor"": ""USD 296.300""}, {""clave"": ""Estado"", ""valor"": ""Disponible de tercero""}, {""clave"": ""Edificio"", ""valor"": ""Nythu""}]",../render_p17.jpg,,Hola%2C%20me%20interesa%20la%20unidad%2009-02%20de%20Nythu%20Brown%201902,https://wa.me/5493416980855?text=Hola%2C%20me%20interesa%20la%20unidad%2009-02%20de%20Nythu%20Brown%201902,tel:+5493416980855
p17,Nythu,Brown 1902,Rosario,"-32.9350416,-60.6470425",True,Hall de ingreso de diseño | Ascensores | Gimnasio | Playroom | Parrillero y solarium | Cocheras disponibles | Bauleras por unidad,p17_nythu_10-10-01,p17_nythu_10-10-01/p17_nythu_10-10-01.html,p17_nythu_10-10-01/ficha.pdf,Nythu · Unidad 10-01 · Piso 10 · Pensaer 17,Departamento 3 dormitorios,DEPARTAMENTO-3 DORMITORIOS,10-01,Piso 10,218,218.0,525.000,525000,Disponible,3,3,168 m²,,,,,100 m²,218 m²,,True,../plantas_p17/planta_10_a.png,Planta del Piso 10°<br>+ terrazas exclusivas.,True,"[{""ambiente"": ""Estar comedor"", ""medida"": ""4,26 × 9,00 m""}, {""ambiente"": ""Cocina"", ""medida"": ""7,30 × 2,62 m""}, {""ambiente"": ""Lavadero"", ""medida"": ""2,48 × 1,50 m""}, {""ambiente"": ""Dormitorio 1"", ""medida"": ""3,45 × 3,15 m""}, {""ambiente"": ""Dormitorio 2"", ""medida"": ""3,55 × 3,13 m""}, {""ambiente"": ""Baño"", ""medida"": ""2,77 × 1,56 m""}, {""ambiente"": ""Toilette"", ""medida"": ""1,93 × 1,23 m""}, {""ambiente"": ""Dormitorio ppal."", ""medida"": ""4,43 × 4,58 m""}, {""ambiente"": ""Comodín"", ""medida"": ""4,50 × 1,07 m""}, {""ambiente"": ""Baño en suite"", ""medida"": ""1,85 × 2,70 m""}, {""ambiente"": ""Terraza L Sur"", ""medida"": ""2,50 × 12,50 m""}, {""ambiente"": ""Terraza L Este"", ""medida"": ""18,78 × 2,38 m""}, {""ambiente"": ""Terraza chica"", ""medida"": ""8,33 × 2,30 m""}]","[{""clave"": ""Tipo"", ""valor"": ""Departamento""}, {""clave"": ""Dormitorios"", ""valor"": ""3""}, {""clave"": ""Baños"", ""valor"": ""3""}, {""clave"": ""Sup. cubierta exclusiva"", ""valor"": ""168 m²""}, {""clave"": ""Terrazas"", ""valor"": ""100 m²""}, {""clave"": ""Sup. equivalente"", ""valor"": ""218 m²""}, {""clave"": ""Piso"", ""valor"": ""Piso 10""}, {""clave"": ""Precio de lista"", ""valor"": ""USD 525.000""}, {""clave"": ""Estado"", ""valor"": ""Disponible""}, {""clave"": ""Edificio"", ""valor"": ""Nythu""}]",../render_p17.jpg,,Hola%2C%20me%20interesa%20la%20unidad%2010-01%20de%20Nythu%20Brown%201902,https://wa.me/5493416980855?text=Hola%2C%20me%20interesa%20la%20unidad%2010-01%20de%20Nythu%20Brown%201902,tel:+5493416980855
p18,Dynha Pellegrini,Av. Pellegrini 419,Rosario,Av.+Pellegrini+419%2C+Rosario%2C+Santa+Fe%2C+Argentina,True,Hall de ingreso premium con portería | Ascensores de alta velocidad | SUM con parrillero | Pileta | Solarium con duchas | Bauleras disponibles | Cocheras cubiertas disponibles,p18_dynha_1-01-01,p18_dynha_1-01-01/p18_dynha_1-01-01.html,p18_dynha_1-01-01/ficha.pdf,Dynha Pellegrini · Unidad 01-01 · Piso 1 · Pensaer 18,Departamento 2 dormitorios,DEPARTAMENTO-2 DORMITORIOS,01-01,Piso 1,86,86.0,181.650,181650,Disponible de tercero,2,2,,,86 m²,,,,,,True,../plantas_p18/planta_1-3_a.png,Planta de la unidad A<br>Piso 1° al 3°.,False,[],"[{""clave"": ""Tipo"", ""valor"": ""Departamento""}, {""clave"": ""Dormitorios"", ""valor"": ""2""}, {""clave"": ""Baños"", ""valor"": ""2""}, {""clave"": ""Sup. de uso exclusiva"", ""valor"": ""86 m²""}, {""clave"": ""Piso"", ""valor"": ""Piso 1""}, {""clave"": ""Precio de lista"", ""valor"": ""USD 181.650""}, {""clave"": ""Estado"", ""valor"": ""Disponible de tercero""}, {""clave"": ""Edificio"", ""valor"": ""Dynha Pellegrini""}]",../renders_p18/08_balcon.png,,Hola%2C%20me%20interesa%20la%20unidad%2001-01%20de%20Dynha%2C%20Av.%20Pellegrini%20419,https://wa.me/5493416980855?text=Hola%2C%20me%20interesa%20la%20unidad%2001-01%20de%20Dynha%2C%20Av.%20Pellegrini%20419,tel:+5493416980855
p18,Dynha Pellegrini,Av. Pellegrini 419,Rosario,Av.+Pellegrini+419%2C+Rosario%2C+Santa+Fe%2C+Argentina,True,Hall de ingreso premium con portería | Ascensores de alta velocidad | SUM con parrillero | Pileta | Solarium con duchas | Bauleras disponibles | Cocheras cubiertas disponibles,p18_dynha_1-01-02,p18_dynha_1-01-02/p18_dynha_1-01-02.html,p18_dynha_1-01-02/ficha.pdf,Dynha Pellegrini · Unidad 01-02 · Piso 1 · Pensaer 18,Departamento 2 dormitorios,DEPARTAMENTO-2 DORMITORIOS,01-02,Piso 1,117,117.0,235.750,235750,Disponible de tercero,2,2,,"73,31 m²",,"86,87 m²",,,117 m²,,True,../plantas_p18/planta_1_b.png,Planta de la unidad B<br>Piso 1°.,False,[],"[{""clave"": ""Tipo"", ""valor"": ""Departamento""}, {""clave"": ""Dormitorios"", ""valor"": ""2""}, {""clave"": ""Baños"", ""valor"": ""2""}, {""clave"": ""Sup. interior exclusiva"", ""valor"": ""73,31 m²""}, {""clave"": ""Patio exclusivo"", ""valor"": ""86,87 m²""}, {""clave"": ""Sup. equivalente"", ""valor"": ""117 m²""}, {""clave"": ""Piso"", ""valor"": ""Piso 1""}, {""clave"": ""Precio de lista"", ""valor"": ""USD 235.750""}, {""clave"": ""Estado"", ""valor"": ""Disponible de tercero""}, {""clave"": ""Edificio"", ""valor"": ""Dynha Pellegrini""}]",../renders_p18/08_balcon.png,,Hola%2C%20me%20interesa%20la%20unidad%2001-02%20de%20Dynha%2C%20Av.%20Pellegrini%20419,https://wa.me/5493416980855?text=Hola%2C%20me%20interesa%20la%20unidad%2001-02%20de%20Dynha%2C%20Av.%20Pellegrini%20419,tel:+5493416980855
p18,Dynha Pellegrini,Av. Pellegrini 419,Rosario,Av.+Pellegrini+419%2C+Rosario%2C+Santa+Fe%2C+Argentina,True,Hall de ingreso premium con portería | Ascensores de alta velocidad | SUM con parrillero | Pileta | Solarium con duchas | Bauleras disponibles | Cocheras cubiertas disponibles,p18_dynha_2-02-01,p18_dynha_2-02-01/p18_dynha_2-02-01.html,p18_dynha_2-02-01/ficha.pdf,Dynha Pellegrini · Unidad 02-01 · Piso 2 · Pensaer 18,Departamento 2 dormitorios,DEPARTAMENTO-2 DORMITORIOS,02-01,Piso 2,86,86.0,194.625,194625,Disponible de tercero,2,2,,,86 m²,,,,,,True,../plantas_p18/planta_1-3_a.png,Planta de la unidad A<br>Piso 1° al 3°.,False,[],"[{""clave"": ""Tipo"", ""valor"": ""Departamento""}, {""clave"": ""Dormitorios"", ""valor"": ""2""}, {""clave"": ""Baños"", ""valor"": ""2""}, {""clave"": ""Sup. de uso exclusiva"", ""valor"": ""86 m²""}, {""clave"": ""Piso"", ""valor"": ""Piso 2""}, {""clave"": ""Precio de lista"", ""valor"": ""USD 194.625""}, {""clave"": ""Estado"", ""valor"": ""Disponible de tercero""}, {""clave"": ""Edificio"", ""valor"": ""Dynha Pellegrini""}]",../renders_p18/08_balcon.png,,Hola%2C%20me%20interesa%20la%20unidad%2002-01%20de%20Dynha%2C%20Av.%20Pellegrini%20419,https://wa.me/5493416980855?text=Hola%2C%20me%20interesa%20la%20unidad%2002-01%20de%20Dynha%2C%20Av.%20Pellegrini%20419,tel:+5493416980855
p18,Dynha Pellegrini,Av. Pellegrini 419,Rosario,Av.+Pellegrini+419%2C+Rosario%2C+Santa+Fe%2C+Argentina,True,Hall de ingreso premium con portería | Ascensores de alta velocidad | SUM con parrillero | Pileta | Solarium con duchas | Bauleras disponibles | Cocheras cubiertas disponibles,p18_dynha_3-03-02,p18_dynha_3-03-02/p18_dynha_3-03-02.html,p18_dynha_3-03-02/ficha.pdf,Dynha Pellegrini · Unidad 03-02 · Piso 3 · Pensaer 18,Departamento 2 dormitorios,DEPARTAMENTO-2 DORMITORIOS,03-02,Piso 3,87,87.0,199.750,199750,Disponible de tercero,2,2,,,87 m²,,,,,,True,../plantas_p18/planta_2-3_b.png,Planta de la unidad B<br>Pisos 2° y 3°.,False,[],"[{""clave"": ""Tipo"", ""valor"": ""Departamento""}, {""clave"": ""Dormitorios"", ""valor"": ""2""}, {""clave"": ""Baños"", ""valor"": ""2""}, {""clave"": ""Sup. de uso exclusiva"", ""valor"": ""87 m²""}, {""clave"": ""Piso"", ""valor"": ""Piso 3""}, {""clave"": ""Precio de lista"", ""valor"": ""USD 199.750""}, {""clave"": ""Estado"", ""valor"": ""Disponible de tercero""}, {""clave"": ""Edificio"", ""valor"": ""Dynha Pellegrini""}]",../renders_p18/08_balcon.png,,Hola%2C%20me%20interesa%20la%20unidad%2003-02%20de%20Dynha%2C%20Av.%20Pellegrini%20419,https://wa.me/5493416980855?text=Hola%2C%20me%20interesa%20la%20unidad%2003-02%20de%20Dynha%2C%20Av.%20Pellegrini%20419,tel:+5493416980855
p18,Dynha Pellegrini,Av. Pellegrini 419,Rosario,Av.+Pellegrini+419%2C+Rosario%2C+Santa+Fe%2C+Argentina,True,Hall de ingreso premium con portería | Ascensores de alta velocidad | SUM con parrillero | Pileta | Solarium con duchas | Bauleras disponibles | Cocheras cubiertas disponibles,p18_dynha_5-05-02,p18_dynha_5-05-02/p18_dynha_5-05-02.html,p18_dynha_5-05-02/ficha.pdf,Dynha Pellegrini · Unidad 05-02 · Piso 5 · Pensaer 18,Monoambiente,DEPARTAMENTO-MONOAMBIENTE,05-02,Piso 5,37,37.0,79.550,79550,Disponible de tercero,,1,,,37 m²,,,,,,True,../plantas_p18/planta_4-9_b.png,Planta del monoambiente B<br>Pisos 4° al 9°.,False,[],"[{""clave"": ""Tipo"", ""valor"": ""Monoambiente""}, {""clave"": ""Baños"", ""valor"": ""1""}, {""clave"": ""Sup. de uso exclusiva"", ""valor"": ""37 m²""}, {""clave"": ""Piso"", ""valor"": ""Piso 5""}, {""clave"": ""Precio de lista"", ""valor"": ""USD 79.550""}, {""clave"": ""Estado"", ""valor"": ""Disponible de tercero""}, {""clave"": ""Edificio"", ""valor"": ""Dynha Pellegrini""}]",../renders_p18/08_balcon.png,,Hola%2C%20me%20interesa%20el%20monoambiente%2005-02%20de%20Dynha%2C%20Av.%20Pellegrini%20419,https://wa.me/5493416980855?text=Hola%2C%20me%20interesa%20el%20monoambiente%2005-02%20de%20Dynha%2C%20Av.%20Pellegrini%20419,tel:+5493416980855
p18,Dynha Pellegrini,Av. Pellegrini 419,Rosario,Av.+Pellegrini+419%2C+Rosario%2C+Santa+Fe%2C+Argentina,True,Hall de ingreso premium con portería | Ascensores de alta velocidad | SUM con parrillero | Pileta | Solarium con duchas | Bauleras disponibles | Cocheras cubiertas disponibles,p18_dynha_7-07-01,p18_dynha_7-07-01/p18_dynha_7-07-01.html,p18_dynha_7-07-01/ficha.pdf,Dynha Pellegrini · Unidad 07-01 · Piso 7 · Pensaer 18,Departamento 2 dormitorios,DEPARTAMENTO-2 DORMITORIOS,07-01,Piso 7,86,86.0,220.575,220575,Disponible de tercero,2,2,,,86 m²,,,,,,True,../plantas_p18/planta_4-9_a.png,Planta de la unidad A<br>Pisos 4° al 9°.,False,[],"[{""clave"": ""Tipo"", ""valor"": ""Departamento""}, {""clave"": ""Dormitorios"", ""valor"": ""2""}, {""clave"": ""Baños"", ""valor"": ""2""}, {""clave"": ""Sup. de uso exclusiva"", ""valor"": ""86 m²""}, {""clave"": ""Piso"", ""valor"": ""Piso 7""}, {""clave"": ""Precio de lista"", ""valor"": ""USD 220.575""}, {""clave"": ""Estado"", ""valor"": ""Disponible de tercero""}, {""clave"": ""Edificio"", ""valor"": ""Dynha Pellegrini""}]",../renders_p18/08_balcon.png,,Hola%2C%20me%20interesa%20la%20unidad%2007-01%20de%20Dynha%2C%20Av.%20Pellegrini%20419,https://wa.me/5493416980855?text=Hola%2C%20me%20interesa%20la%20unidad%2007-01%20de%20Dynha%2C%20Av.%20Pellegrini%20419,tel:+5493416980855
p18,Dynha Pellegrini,Av. Pellegrini 419,Rosario,Av.+Pellegrini+419%2C+Rosario%2C+Santa+Fe%2C+Argentina,True,Hall de ingreso premium con portería | Ascensores de alta velocidad | SUM con parrillero | Pileta | Solarium con duchas | Bauleras disponibles | Cocheras cubiertas disponibles,p18_dynha_7-07-02,p18_dynha_7-07-02/p18_dynha_7-07-02.html,p18_dynha_7-07-02/ficha.pdf,Dynha Pellegrini · Unidad 07-02 · Piso 7 · Pensaer 18,Monoambiente,DEPARTAMENTO-MONOAMBIENTE,07-02,Piso 7,37,37.0,81.400,81400,Disponible de tercero,,1,,,37 m²,,,,,,True,../plantas_p18/planta_4-9_b.png,Planta del monoambiente B<br>Pisos 4° al 9°.,False,[],"[{""clave"": ""Tipo"", ""valor"": ""Monoambiente""}, {""clave"": ""Baños"", ""valor"": ""1""}, {""clave"": ""Sup. de uso exclusiva"", ""valor"": ""37 m²""}, {""clave"": ""Piso"", ""valor"": ""Piso 7""}, {""clave"": ""Precio de lista"", ""valor"": ""USD 81.400""}, {""clave"": ""Estado"", ""valor"": ""Disponible de tercero""}, {""clave"": ""Edificio"", ""valor"": ""Dynha Pellegrini""}]",../renders_p18/08_balcon.png,,Hola%2C%20me%20interesa%20el%20monoambiente%2007-02%20de%20Dynha%2C%20Av.%20Pellegrini%20419,https://wa.me/5493416980855?text=Hola%2C%20me%20interesa%20el%20monoambiente%2007-02%20de%20Dynha%2C%20Av.%20Pellegrini%20419,tel:+5493416980855
p18,Dynha Pellegrini,Av. Pellegrini 419,Rosario,Av.+Pellegrini+419%2C+Rosario%2C+Santa+Fe%2C+Argentina,True,Hall de ingreso premium con portería | Ascensores de alta velocidad | SUM con parrillero | Pileta | Solarium con duchas | Bauleras disponibles | Cocheras cubiertas disponibles,p18_dynha_7-07-03,p18_dynha_7-07-03/p18_dynha_7-07-03.html,p18_dynha_7-07-03/ficha.pdf,Dynha Pellegrini · Unidad 07-03 · Piso 7 · Pensaer 18,Departamento 1 dormitorio,DEPARTAMENTO-1 DORMITORIO,07-03,Piso 7,47,47.0,110.450,110450,Disponible de tercero,1,1,,,47 m²,,,,,,True,../plantas_p18/planta_4-9_c.png,Planta de la unidad C<br>Pisos 4° al 9°.,False,[],"[{""clave"": ""Tipo"", ""valor"": ""Departamento""}, {""clave"": ""Dormitorios"", ""valor"": ""1""}, {""clave"": ""Baños"", ""valor"": ""1""}, {""clave"": ""Sup. de uso exclusiva"", ""valor"": ""47 m²""}, {""clave"": ""Piso"", ""valor"": ""Piso 7""}, {""clave"": ""Precio de lista"", ""valor"": ""USD 110.450""}, {""clave"": ""Estado"", ""valor"": ""Disponible de tercero""}, {""clave"": ""Edificio"", ""valor"": ""Dynha Pellegrini""}]",../renders_p18/08_balcon.png,,Hola%2C%20me%20interesa%20la%20unidad%2007-03%20de%20Dynha%2C%20Av.%20Pellegrini%20419,https://wa.me/5493416980855?text=Hola%2C%20me%20interesa%20la%20unidad%2007-03%20de%20Dynha%2C%20Av.%20Pellegrini%20419,tel:+5493416980855
p18,Dynha Pellegrini,Av. Pellegrini 419,Rosario,Av.+Pellegrini+419%2C+Rosario%2C+Santa+Fe%2C+Argentina,True,Hall de ingreso premium con portería | Ascensores de alta velocidad | SUM con parrillero | Pileta | Solarium con duchas | Bauleras disponibles | Cocheras cubiertas disponibles,p18_dynha_10y11-01,p18_dynha_10y11-01/p18_dynha_10y11-01.html,p18_dynha_10y11-01/ficha.pdf,Dynha Pellegrini · Duplex 10-01/11-01 · Piso 10/11 · Pensaer 18,Duplex 3 dormitorios,DEPARTAMENTO-DUPLEX 3 DORMITORIOS,10-01/11-01,Piso 10/11,161,161.0,376.050,376050,Disponible de tercero,3,3,,,161 m²,,,,,,True,../plantas_p18/planta_duplex_a.png,Planta del duplex unidad A<br>Pisos 10° y 11°.,False,[],"[{""clave"": ""Tipo"", ""valor"": ""Duplex""}, {""clave"": ""Dormitorios"", ""valor"": ""3""}, {""clave"": ""Baños"", ""valor"": ""3""}, {""clave"": ""Sup. de uso exclusiva"", ""valor"": ""161 m²""}, {""clave"": ""Piso"", ""valor"": ""Piso 10/11""}, {""clave"": ""Precio de lista"", ""valor"": ""USD 376.050""}, {""clave"": ""Estado"", ""valor"": ""Disponible de tercero""}, {""clave"": ""Edificio"", ""valor"": ""Dynha Pellegrini""}]",../renders_p18/08_balcon.png,,Hola%2C%20me%20interesa%20el%20duplex%2010-01%2F11-01%20de%20Dynha%2C%20Av.%20Pellegrini%20419,https://wa.me/5493416980855?text=Hola%2C%20me%20interesa%20el%20duplex%2010-01%2F11-01%20de%20Dynha%2C%20Av.%20Pellegrini%20419,tel:+5493416980855
p18,Dynha Pellegrini,Av. Pellegrini 419,Rosario,Av.+Pellegrini+419%2C+Rosario%2C+Santa+Fe%2C+Argentina,True,Hall de ingreso premium con portería | Ascensores de alta velocidad | SUM con parrillero | Pileta | Solarium con duchas | Bauleras disponibles | Cocheras cubiertas disponibles,p18_dynha_10y11-02,p18_dynha_10y11-02/p18_dynha_10y11-02.html,p18_dynha_10y11-02/ficha.pdf,Dynha Pellegrini · Duplex 10-02/11-02 · Piso 10/11 · Pensaer 18,Duplex 2 dormitorios,DEPARTAMENTO-DUPLEX 2 DORMITORIOS,10-02/11-02,Piso 10/11,132,132.0,330.000,330000,Disponible de tercero,2,2,,"112,5 m²",,,"38,8 m²",,132 m²,,True,../plantas_p18/planta_duplex_b.png,Planta del duplex unidad B<br>Pisos 10° y 11°.,False,[],"[{""clave"": ""Tipo"", ""valor"": ""Duplex""}, {""clave"": ""Dormitorios"", ""valor"": ""2""}, {""clave"": ""Baños"", ""valor"": ""2""}, {""clave"": ""Sup. interior exclusiva"", ""valor"": ""112,5 m²""}, {""clave"": ""Balcón exclusivo"", ""valor"": ""38,8 m²""}, {""clave"": ""Sup. equivalente"", ""valor"": ""132 m²""}, {""clave"": ""Piso"", ""valor"": ""Piso 10/11""}, {""clave"": ""Precio de lista"", ""valor"": ""USD 330.000""}, {""clave"": ""Estado"", ""valor"": ""Disponible de tercero""}, {""clave"": ""Edificio"", ""valor"": ""Dynha Pellegrini""}]",../renders_p18/08_balcon.png,,Hola%2C%20me%20interesa%20el%20duplex%2010-02%2F11-02%20de%20Dynha%2C%20Av.%20Pellegrini%20419,https://wa.me/5493416980855?text=Hola%2C%20me%20interesa%20el%20duplex%2010-02%2F11-02%20de%20Dynha%2C%20Av.%20Pellegrini%20419,tel:+5493416980855
p20,Elysian San José,San José 2736,Funes,San+Jos%C3%A9+2736%2C+Funes%2C+Santa+Fe%2C+Argentina,True,Pileta exterior con solárium | Paisajismo con riego automático | SUM / Salón de usos múltiples | Área fitness equipada | Parrillero comunitario | Cocheras privadas | Bauleras,p20_elsj_2y3-02-01,p20_elsj_2y3-02-01/p20_elsj_2y3-02-01.html,p20_elsj_2y3-02-01/ficha.pdf,Elysian San José · Duplex 02-01/03-01 · Funes · Pensaer 20,Duplex 3 dormitorios,DEPARTAMENTO-DUPLEX 3 DORMITORIOS,02-01/03-01,Piso 2/3,163,163.0,395.000,395000,Disponible,3,3,,,163 m²,,,,,,True,../plantas_p20/planta_a.png,Planta del duplex unidad A<br>Pisos 2° y 3°.,False,[],"[{""clave"": ""Tipo"", ""valor"": ""Duplex""}, {""clave"": ""Dormitorios"", ""valor"": ""3""}, {""clave"": ""Baños"", ""valor"": ""3""}, {""clave"": ""Sup. de uso exclusiva"", ""valor"": ""163 m²""}, {""clave"": ""Piso"", ""valor"": ""Piso 2/3""}, {""clave"": ""Precio de lista"", ""valor"": ""USD 395.000""}, {""clave"": ""Estado"", ""valor"": ""Disponible""}, {""clave"": ""Proyecto"", ""valor"": ""Elysian San José""}]",../renders_p20/render_pileta.jpg,,Hola%2C%20me%20interesa%20el%20duplex%2002-01%2F03-01%20de%20Elysian%20San%20Jos%C3%A9%2C%20Funes,https://wa.me/5493416980855?text=Hola%2C%20me%20interesa%20el%20duplex%2002-01%2F03-01%20de%20Elysian%20San%20Jos%C3%A9%2C%20Funes,tel:+5493416980855
p20,Elysian San José,San José 2736,Funes,San+Jos%C3%A9+2736%2C+Funes%2C+Santa+Fe%2C+Argentina,True,Pileta exterior con solárium | Paisajismo con riego automático | SUM / Salón de usos múltiples | Área fitness equipada | Parrillero comunitario | Cocheras privadas | Bauleras,p20_elsj_2y3-02-02,p20_elsj_2y3-02-02/p20_elsj_2y3-02-02.html,p20_elsj_2y3-02-02/ficha.pdf,Elysian San José · Duplex 02-02/03-02 · Funes · Pensaer 20,Duplex 3 dormitorios,DEPARTAMENTO-DUPLEX 3 DORMITORIOS,02-02/03-02,Piso 2/3,"144,5",144.5,350.000,350000,Disponible,3,3,,,"144,5 m²",,,,,,True,../plantas_p20/planta_b.png,Planta del duplex unidad B<br>Pisos 2° y 3°.,False,[],"[{""clave"": ""Tipo"", ""valor"": ""Duplex""}, {""clave"": ""Dormitorios"", ""valor"": ""3""}, {""clave"": ""Baños"", ""valor"": ""3""}, {""clave"": ""Sup. de uso exclusiva"", ""valor"": ""144,5 m²""}, {""clave"": ""Piso"", ""valor"": ""Piso 2/3""}, {""clave"": ""Precio de lista"", ""valor"": ""USD 350.000""}, {""clave"": ""Estado"", ""valor"": ""Disponible""}, {""clave"": ""Proyecto"", ""valor"": ""Elysian San José""}]",../renders_p20/render_pileta.jpg,,Hola%2C%20me%20interesa%20el%20duplex%2002-02%2F03-02%20de%20Elysian%20San%20Jos%C3%A9%2C%20Funes,https://wa.me/5493416980855?text=Hola%2C%20me%20interesa%20el%20duplex%2002-02%2F03-02%20de%20Elysian%20San%20Jos%C3%A9%2C%20Funes,tel:+5493416980855
p20,Elysian San José,San José 2736,Funes,San+Jos%C3%A9+2736%2C+Funes%2C+Santa+Fe%2C+Argentina,True,Pileta exterior con solárium | Paisajismo con riego automático | SUM / Salón de usos múltiples | Área fitness equipada | Parrillero comunitario | Cocheras privadas | Bauleras,p20_elsj_2y3-02-04,p20_elsj_2y3-02-04/p20_elsj_2y3-02-04.html,p20_elsj_2y3-02-04/ficha.pdf,Elysian San José · Duplex 02-04/03-04 · Funes · Pensaer 20,Duplex 3 dormitorios,DEPARTAMENTO-DUPLEX 3 DORMITORIOS,02-04/03-04,Piso 2/3,128,128.0,320.000,320000,Disponible,3,3,,,128 m²,,,,,,True,../plantas_p20/planta_d.png,Planta del duplex unidad D<br>Pisos 2° y 3°.,False,[],"[{""clave"": ""Tipo"", ""valor"": ""Duplex""}, {""clave"": ""Dormitorios"", ""valor"": ""3""}, {""clave"": ""Baños"", ""valor"": ""3""}, {""clave"": ""Sup. de uso exclusiva"", ""valor"": ""128 m²""}, {""clave"": ""Piso"", ""valor"": ""Piso 2/3""}, {""clave"": ""Precio de lista"", ""valor"": ""USD 320.000""}, {""clave"": ""Estado"", ""valor"": ""Disponible""}, {""clave"": ""Proyecto"", ""valor"": ""Elysian San José""}]",../renders_p20/render_pileta.jpg,,Hola%2C%20me%20interesa%20el%20duplex%2002-04%2F03-04%20de%20Elysian%20San%20Jos%C3%A9%2C%20Funes,https://wa.me/5493416980855?text=Hola%2C%20me%20interesa%20el%20duplex%2002-04%2F03-04%20de%20Elysian%20San%20Jos%C3%A9%2C%20Funes,tel:+5493416980855
p20,Elysian San José,San José 2736,Funes,San+Jos%C3%A9+2736%2C+Funes%2C+Santa+Fe%2C+Argentina,True,Pileta exterior con solárium | Paisajismo con riego automático | SUM / Salón de usos múltiples | Área fitness equipada | Parrillero comunitario | Cocheras privadas | Bauleras,p20_elsj_2y3-02-05,p20_elsj_2y3-02-05/p20_elsj_2y3-02-05.html,p20_elsj_2y3-02-05/ficha.pdf,Elysian San José · Duplex 02-05/03-05 · Funes · Pensaer 20,Duplex 3 dormitorios,DEPARTAMENTO-DUPLEX 3 DORMITORIOS,02-05/03-05,Piso 2/3,146,146.0,355.000,355000,Disponible,3,3,,,146 m²,,,,,,True,../plantas_p20/planta_e.png,Planta del duplex unidad E<br>Pisos 2° y 3°.,False,[],"[{""clave"": ""Tipo"", ""valor"": ""Duplex""}, {""clave"": ""Dormitorios"", ""valor"": ""3""}, {""clave"": ""Baños"", ""valor"": ""3""}, {""clave"": ""Sup. de uso exclusiva"", ""valor"": ""146 m²""}, {""clave"": ""Piso"", ""valor"": ""Piso 2/3""}, {""clave"": ""Precio de lista"", ""valor"": ""USD 355.000""}, {""clave"": ""Estado"", ""valor"": ""Disponible""}, {""clave"": ""Proyecto"", ""valor"": ""Elysian San José""}]",../renders_p20/render_pileta.jpg,,Hola%2C%20me%20interesa%20el%20duplex%2002-05%2F03-05%20de%20Elysian%20San%20Jos%C3%A9%2C%20Funes,https://wa.me/5493416980855?text=Hola%2C%20me%20interesa%20el%20duplex%2002-05%2F03-05%20de%20Elysian%20San%20Jos%C3%A9%2C%20Funes,tel:+5493416980855
p20,Elysian San José,San José 2736,Funes,San+Jos%C3%A9+2736%2C+Funes%2C+Santa+Fe%2C+Argentina,True,Pileta exterior con solárium | Paisajismo con riego automático | SUM / Salón de usos múltiples | Área fitness equipada | Parrillero comunitario | Cocheras privadas | Bauleras,p20_elsj_2y3-02-06,p20_elsj_2y3-02-06/p20_elsj_2y3-02-06.html,p20_elsj_2y3-02-06/ficha.pdf,Elysian San José · Duplex 02-06/03-06 · Funes · Pensaer 20,Duplex 2 dormitorios,DEPARTAMENTO-DUPLEX 2 DORMITORIOS,02-06/03-06,Piso 2/3,"95,5",95.5,240.000,240000,Disponible,2,2,,,"95,5 m²",,,,,,True,../plantas_p20/planta_f.png,Planta del duplex unidad F<br>Pisos 2° y 3°.,False,[],"[{""clave"": ""Tipo"", ""valor"": ""Duplex""}, {""clave"": ""Dormitorios"", ""valor"": ""2""}, {""clave"": ""Baños"", ""valor"": ""2""}, {""clave"": ""Sup. de uso exclusiva"", ""valor"": ""95,5 m²""}, {""clave"": ""Piso"", ""valor"": ""Piso 2/3""}, {""clave"": ""Precio de lista"", ""valor"": ""USD 240.000""}, {""clave"": ""Estado"", ""valor"": ""Disponible""}, {""clave"": ""Proyecto"", ""valor"": ""Elysian San José""}]",../renders_p20/render_pileta.jpg,,Hola%2C%20me%20interesa%20el%20duplex%2002-06%2F03-06%20de%20Elysian%20San%20Jos%C3%A9%2C%20Funes,https://wa.me/5493416980855?text=Hola%2C%20me%20interesa%20el%20duplex%2002-06%2F03-06%20de%20Elysian%20San%20Jos%C3%A9%2C%20Funes,tel:+5493416980855
p20,Elysian San José,San José 2736,Funes,San+Jos%C3%A9+2736%2C+Funes%2C+Santa+Fe%2C+Argentina,True,Pileta exterior con solárium | Paisajismo con riego automático | SUM / Salón de usos múltiples | Área fitness equipada | Parrillero comunitario | Cocheras privadas | Bauleras,p20_elsj_2y3-02-08,p20_elsj_2y3-02-08/p20_elsj_2y3-02-08.html,p20_elsj_2y3-02-08/ficha.pdf,Elysian San José · Duplex 02-08/03-08 · Funes · Pensaer 20,Duplex 2 dormitorios,DEPARTAMENTO-DUPLEX 2 DORMITORIOS,02-08/03-08,Piso 2/3,"90,5",90.5,210.000,210000,Disponible,2,2,,,"90,5 m²",,,,,,True,../plantas_p20/planta_h.png,Planta del duplex unidad H<br>Pisos 2° y 3°.,False,[],"[{""clave"": ""Tipo"", ""valor"": ""Duplex""}, {""clave"": ""Dormitorios"", ""valor"": ""2""}, {""clave"": ""Baños"", ""valor"": ""2""}, {""clave"": ""Sup. de uso exclusiva"", ""valor"": ""90,5 m²""}, {""clave"": ""Piso"", ""valor"": ""Piso 2/3""}, {""clave"": ""Precio de lista"", ""valor"": ""USD 210.000""}, {""clave"": ""Estado"", ""valor"": ""Disponible""}, {""clave"": ""Proyecto"", ""valor"": ""Elysian San José""}]",../renders_p20/render_pileta.jpg,,Hola%2C%20me%20interesa%20el%20duplex%2002-08%2F03-08%20de%20Elysian%20San%20Jos%C3%A9%2C%20Funes,https://wa.me/5493416980855?text=Hola%2C%20me%20interesa%20el%20duplex%2002-08%2F03-08%20de%20Elysian%20San%20Jos%C3%A9%2C%20Funes,tel:+5493416980855
p20,Elysian San José,San José 2736,Funes,San+Jos%C3%A9+2736%2C+Funes%2C+Santa+Fe%2C+Argentina,True,Pileta exterior con solárium | Paisajismo con riego automático | SUM / Salón de usos múltiples | Área fitness equipada | Parrillero comunitario | Cocheras privadas | Bauleras,p20_elsj_2y3-02-09,p20_elsj_2y3-02-09/p20_elsj_2y3-02-09.html,p20_elsj_2y3-02-09/ficha.pdf,Elysian San José · Duplex 02-09/03-09 · Funes · Pensaer 20,Duplex 2 dormitorios,DEPARTAMENTO-DUPLEX 2 DORMITORIOS,02-09/03-09,Piso 2/3,"95,5",95.5,240.000,240000,Disponible,2,2,,,"95,5 m²",,,,,,True,../plantas_p20/planta_i.png,Planta del duplex unidad I<br>Pisos 2° y 3°.,False,[],"[{""clave"": ""Tipo"", ""valor"": ""Duplex""}, {""clave"": ""Dormitorios"", ""valor"": ""2""}, {""clave"": ""Baños"", ""valor"": ""2""}, {""clave"": ""Sup. de uso exclusiva"", ""valor"": ""95,5 m²""}, {""clave"": ""Piso"", ""valor"": ""Piso 2/3""}, {""clave"": ""Precio de lista"", ""valor"": ""USD 240.000""}, {""clave"": ""Estado"", ""valor"": ""Disponible""}, {""clave"": ""Proyecto"", ""valor"": ""Elysian San José""}]",../renders_p20/render_pileta.jpg,,Hola%2C%20me%20interesa%20el%20duplex%2002-09%2F03-09%20de%20Elysian%20San%20Jos%C3%A9%2C%20Funes,https://wa.me/5493416980855?text=Hola%2C%20me%20interesa%20el%20duplex%2002-09%2F03-09%20de%20Elysian%20San%20Jos%C3%A9%2C%20Funes,tel:+5493416980855
p20,Elysian San José,San José 2736,Funes,San+Jos%C3%A9+2736%2C+Funes%2C+Santa+Fe%2C+Argentina,True,Pileta exterior con solárium | Paisajismo con riego automático | SUM / Salón de usos múltiples | Área fitness equipada | Parrillero comunitario | Cocheras privadas | Bauleras,p20_elsj_2y3-02-10,p20_elsj_2y3-02-10/p20_elsj_2y3-02-10.html,p20_elsj_2y3-02-10/ficha.pdf,Elysian San José · Duplex 02-10/03-10 · Funes · Pensaer 20,Duplex 3 dormitorios,DEPARTAMENTO-DUPLEX 3 DORMITORIOS,02-10/03-10,Piso 2/3,164,164.0,395.000,395000,Disponible,3,3,,,164 m²,,,,,,True,../plantas_p20/planta_j.png,Planta del duplex unidad J<br>Pisos 2° y 3°.,False,[],"[{""clave"": ""Tipo"", ""valor"": ""Duplex""}, {""clave"": ""Dormitorios"", ""valor"": ""3""}, {""clave"": ""Baños"", ""valor"": ""3""}, {""clave"": ""Sup. de uso exclusiva"", ""valor"": ""164 m²""}, {""clave"": ""Piso"", ""valor"": ""Piso 2/3""}, {""clave"": ""Precio de lista"", ""valor"": ""USD 395.000""}, {""clave"": ""Estado"", ""valor"": ""Disponible""}, {""clave"": ""Proyecto"", ""valor"": ""Elysian San José""}]",../renders_p20/render_pileta.jpg,,Hola%2C%20me%20interesa%20el%20duplex%2002-10%2F03-10%20de%20Elysian%20San%20Jos%C3%A9%2C%20Funes,https://wa.me/5493416980855?text=Hola%2C%20me%20interesa%20el%20duplex%2002-10%2F03-10%20de%20Elysian%20San%20Jos%C3%A9%2C%20Funes,tel:+5493416980855
z_italia1165,Italia 1165,Italia 1165,Rosario,Italia+1165%2C+Rosario%2C+Santa+Fe%2C+Argentina,False,,z_italia1165_8c,z_italia1165_8c/z_italia1165_8c.html,z_italia1165_8c/ficha.pdf,Departamento Italia 1165 · Piso 8 C · Rosario · Pensaer,Departamento 2 dormitorios,DEPARTAMENTO-2 DORMITORIOS,8 C,Piso 8,55,55.0,95.000,95000,Disponible,2,2,,,,,,,,,False,,,False,[],"[{""clave"": ""Tipo"", ""valor"": ""Departamento""}, {""clave"": ""Dormitorios"", ""valor"": ""2""}, {""clave"": ""Baños"", ""valor"": ""2""}, {""clave"": ""Superficie"", ""valor"": ""55 m²""}, {""clave"": ""Piso"", ""valor"": ""Piso 8""}, {""clave"": ""Precio de lista"", ""valor"": ""USD 95.000""}, {""clave"": ""Estado"", ""valor"": ""Disponible""}, {""clave"": ""Edificio"", ""valor"": ""Italia 1165""}]",,,Hola%2C%20me%20interesa%20el%20departamento%208C%20de%20Italia%201165%2C%20Rosario,https://wa.me/5493416980855?text=Hola%2C%20me%20interesa%20el%20departamento%208C%20de%20Italia%201165%2C%20Rosario,tel:+5493416980855
z_rosas930,Rosas 930,Juan Manuel de Rosas 930/32,Rosario,Juan+Manuel+de+Rosas+930%2C+Rosario%2C+Santa+Fe%2C+Argentina,False,,z_rosas930_10-01,z_rosas930_10-01/z_rosas930_10-01.html,z_rosas930_10-01/ficha.pdf,Departamento Rosas 930 · Piso 10 · Rosario · Pensaer,Departamento 3 dormitorios,DEPARTAMENTO-3 DORMITORIOS,10-01,Piso 10,126,126.0,260.000,260000,Disponible,3,2,,,,,,,,Incluida,False,,,False,[],"[{""clave"": ""Tipo"", ""valor"": ""Departamento""}, {""clave"": ""Dormitorios"", ""valor"": ""3""}, {""clave"": ""Baños"", ""valor"": ""2""}, {""clave"": ""Superficie"", ""valor"": ""126 m²""}, {""clave"": ""Piso"", ""valor"": ""Piso 10""}, {""clave"": ""Cochera"", ""valor"": ""Incluida""}, {""clave"": ""Precio de lista"", ""valor"": ""USD 260.000""}, {""clave"": ""Estado"", ""valor"": ""Disponible""}]",,,Hola%2C%20me%20interesa%20el%20departamento%2010-01%20de%20Rosas%20930%2C%20Rosario,https://wa.me/5493416980855?text=Hola%2C%20me%20interesa%20el%20departamento%2010-01%20de%20Rosas%20930%2C%20Rosario,tel:+5493416980855
